category_name,category_url,source_url
Sản phẩm,https://nguyenson.vn/collections/all,https://nguyenson.vn/
- Bánh sinh nhật,https://nguyenson.vn/collections/banh-sinh-nhat,https://nguyenson.vn/
- Bánh mỳ,https://nguyenson.vn/collections/banh-my,https://nguyenson.vn/
- Bánh ngọt,https://nguyenson.vn/collections/banh-ngot,https://nguyenson.vn/
- Bánh tươi,https://nguyenson.vn/collections/banh-tuoi-hang-ngay,https://nguyenson.vn/
- Bánh miếng nhỏ,https://nguyenson.vn/collections/banh-mieng-nho,https://nguyenson.vn/
- Bánh quy khô,https://nguyenson.vn/collections/banh-quy-kho,https://nguyenson.vn/
- Bánh đông lạnh,https://nguyenson.vn/collections/banh-dong-lanh,https://nguyenson.vn/
- Chocolate,https://nguyenson.vn/collections/chocolate,https://nguyenson.vn/
- Phụ kiện sinh nhật,https://nguyenson.vn/collections/phu-kien-sinh-nhat,https://nguyenson.vn/
- Bánh trung thu,https://nguyenson.vn/collections/banh-trung-thu,https://nguyenson.vn/
- Bánh Công Nghiệp,https://nguyenson.vn/collections/banh-cong-nghiep,https://nguyenson.vn/
- Bánh truyền thống,https://nguyenson.vn/collections/banh-truyen-thong,https://nguyenson.vn/
Bánh sinh nhật,https://nguyenson.vn/collections/banh-sinh-nhat,https://nguyenson.vn/
Bánh mỳ,https://nguyenson.vn/collections/banh-my,https://nguyenson.vn/
Bánh ngọt,https://nguyenson.vn/collections/banh-ngot,https://nguyenson.vn/
Bánh tươi,https://nguyenson.vn/collections/banh-tuoi-hang-ngay,https://nguyenson.vn/
Bánh miếng nhỏ,https://nguyenson.vn/collections/banh-mieng-nho,https://nguyenson.vn/
Bánh quy khô,https://nguyenson.vn/collections/banh-quy-kho,https://nguyenson.vn/
Bánh đông lạnh,https://nguyenson.vn/collections/banh-dong-lanh,https://nguyenson.vn/
Chocolate,https://nguyenson.vn/collections/chocolate,https://nguyenson.vn/
Phụ kiện sinh nhật,https://nguyenson.vn/collections/phu-kien-sinh-nhat,https://nguyenson.vn/
Bánh trung thu,https://nguyenson.vn/collections/banh-trung-thu,https://nguyenson.vn/
Bánh Công Nghiệp,https://nguyenson.vn/collections/banh-cong-nghiep,https://nguyenson.vn/
Bánh truyền thống,https://nguyenson.vn/collections/banh-truyen-thong,https://nguyenson.vn/
Sản phẩm mới,https://nguyenson.vn/collections/san-pham-moi,https://nguyenson.vn/
Sản phẩm bán chạy,https://nguyenson.vn/collections/san-pham-ban-chay,https://nguyenson.vn/
